Workbook

Sheet Dashboard
B2: YES24 IT/컴퓨터 분야 베스트셀러 분석 대시보드
B4: 총 베스트셀러 도서 수 | C4: 도서 평균 판매가 | D4: 도서 평균 판매지수 | E4: 분철 서비스 제공 비율
B5: =COUNTA(Data!D:D)-1 -> 1000 | C5: =AVERAGE(Data!I:I) -> 23479.81 | D5: =AVERAGE(Data!L:L) -> 3026.136 | E5: =COUNTIF(Data!O:O, "Y")/COUNTA(Data!O:O) -> 0.14685315
B8: 주요 출판사별 베스트셀러 점유 현황 | G8: 분철 서비스 여부별 비교 분석
B9: 출판사 | C9: 도서 수 (권) | D9: 평균 판매지수 | E9: 평균 평점 | G9: 분철 가능 여부 | H9: 도서 수 (권) | I9: 평균 판매지수
B10: 한빛미디어 | C10: =COUNTIF(Data!F:F, "한빛미디어") -> 150 | D10: =AVERAGEIF(Data!F:F, "한빛미디어", Data!L:L) -> 4893.08 | E10: =AVERAGEIF(Data!F:F, "한빛미디어", Data!N:N) -> 9.4346667 | G10: 분철 서비스 지원 (Y) | H10: =COUNTIF(Data!O:O, "Y") -> 147 | I10: =AVERAGEIF(Data!O:O, "Y", Data!L:L) -> 8687.8163
B11: 길벗 | C11: =COUNTIF(Data!F:F, "길벗") -> 74 | D11: =AVERAGEIF(Data!F:F, "길벗", Data!L:L) -> 2628.8514 | E11: =AVERAGEIF(Data!F:F, "길벗", Data!N:N) -> 9.4013514 | G11: 분철 서비스 미지원 (N) | H11: =COUNTIF(Data!O:O, "N") -> 853 | I11: =AVERAGEIF(Data!O:O, "N", Data!L:L) -> 2050.442
B12: 제이펍 | C12: =COUNTIF(Data!F:F, "제이펍") -> 51 | D12: =AVERAGEIF(Data!F:F, "제이펍", Data!L:L) -> 2900.2353 | E12: =AVERAGEIF(Data!F:F, "제이펍", Data!N:N) -> 8.2647059
B13: 이지스퍼블리싱 | C13: =COUNTIF(Data!F:F, "이지스퍼블리싱") -> 50 | D13: =AVERAGEIF(Data!F:F, "이지스퍼블리싱", Data!L:L) -> 6937.98 | E13: =AVERAGEIF(Data!F:F, "이지스퍼블리싱", Data!N:N) -> 9.622 | G13: 가격대 구간별 도서 분포
B14: 골든래빗 | C14: =COUNTIF(Data!F:F, "골든래빗") -> 43 | D14: =AVERAGEIF(Data!F:F, "골든래빗", Data!L:L) -> 7490.5116 | E14: =AVERAGEIF(Data!F:F, "골든래빗", Data!N:N) -> 8 | G14: 가격대 구간 | H14: 도서 수 (권) | I14: 평균 판매지수
B15: 위키북스 | C15: =COUNTIF(Data!F:F, "위키북스") -> 36 | D15: =AVERAGEIF(Data!F:F, "위키북스", Data!L:L) -> 1746.6667 | E15: =AVERAGEIF(Data!F:F, "위키북스", Data!N:N) -> 6.1416667 | G15: 1.5만 원 미만 | H15: =COUNTIF(Data!I:I, "<15000") -> 104 | I15: =AVERAGEIF(Data!I:I, "<15000", Data!L:L) -> 1183.2115
B16: 영진닷컴 | C16: =COUNTIF(Data!F:F, "영진닷컴") -> 36 | D16: =AVERAGEIF(Data!F:F, "영진닷컴", Data!L:L) -> 1244.3333 | E16: =AVERAGEIF(Data!F:F, "영진닷컴", Data!N:N) -> 9.3166667 | G16: 1.5만 원 이상 ~ 2.5만 원 미만 | H16: =COUNTIFS(Data!I:I, ">=15000", Data!I:I, "<25000") -> 534 | I16: =AVERAGEIFS(Data!L:L, Data!I:I, ">=15000", Data!I:I, "<25000") -> 3857.4888
B17: 커뮤니케이션북스 | C17: =COUNTIF(Data!F:F, "커뮤니케이션북스") -> 30 | D17: =AVERAGEIF(Data!F:F, "커뮤니케이션북스", Data!L:L) -> 148.6 | E17: =AVERAGEIF(Data!F:F, "커뮤니케이션북스", Data!N:N) -> 0.33333333 | G17: 2.5만 원 이상 ~ 3.5만 원 미만 | H17: =COUNTIFS(Data!I:I, ">=25000", Data!I:I, "<35000") -> 269 | I17: =AVERAGEIFS(Data!L:L, Data!I:I, ">=25000", Data!I:I, "<35000") -> 2625.2119
G18: 3.5만 원 이상 | H18: =COUNTIF(Data!I:I, ">=35000") -> 93 | I18: =AVERAGEIF(Data!I:I, ">=35000", Data!L:L) -> 1473.129

Sheet Data
A1: goods_no | B1: rank | C1: goods_type | D1: goods_name | E1: author | F1: publisher | G1: publish_year | H1: discount_rate | I1: sale_price | J1: original_price | K1: point | L1: sale_index | M1: review_count | N1: rating | O1: spring_service
A2: 167573138 | B2: 1 | C2: [도서] | D2: 혼자 공부하는 바이브 코딩 with 클로드 코드 | E2: 조태호 | F2: 한빛미디어 | G2: 2025 | H2: 10 | I2: 27000 | J2: 30000 | K2: 1500 | L2: 71388 | M2: 163 | N2: 9.9 | O2: Y
A3: 176901674 | B3: 2 | C3: [도서] | D3: 이게 되네? 제미나이 완전 미친 활용법 81제 | E3: 오힘찬 | F3: 골든래빗 | G3: 2026 | H3: 10 | I3: 21600 | J3: 24000 | K3: 1200 | L3: 78003 | M3: 159 | N3: 9.8 | O3: Y
A4: 189211422 | B4: 3 | C4: [도서] | D4: 클로드 코드로 시작하는 실전 에이전틱 코딩 | E4: Goos Kim | F4: 더 타이즈 | G4: 2026 | H4: 10 | I4: 29700 | J4: 33000 | K4: 1650 | L4: 22863 | M4: 11 | N4: 10 | O4: Y
A5: 189855418 | B5: 4 | C5: [도서] | D5: 조코딩의 바이브 코딩 1인 창업 with 클로드 코드, 수파베이스, 스트라이프 | E5: 조동근 | F5: 한빛미디어 | G5: 2026 | H5: 10 | I5: 27000 | J5: 30000 | K5: 1500 | L5: 14598 | M5: 0 | N5: 0 | O5: Y
A6: 189114943 | B6: 5 | C6: [도서] | D6: 바로바로 클로드 with 코워크, 스킬, 클로드 코드, 디자인 | E6: 차진우 | F6: 골든래빗 | G6: 2026 | H6: 10 | I6: 25200 | J6: 28000 | K6: 1400 | L6: 18120 | M6: 1 | N6: 10 | O6: N
A7: 189818905 | B7: 6 | C7: [도서] | D7: 하네스 엔지니어링 with 클로드 코드 | E7: 황민호 | F7: 한빛미디어 | G7: 2026 | H7: 10 | I7: 27000 | J7: 30000 | K7: 1500 | L7: 6846 | M7: 0 | N7: 0 | O7: N
A8: 189212536 | B8: 7 | C8: [도서] | D8: 지적 대화를 위한 AI 언어 수업 | E8: 강수진 | F8: 어웨이크(AWAKE) | G8: 2026 | H8: 10 | I8: 18000 | J8: 20000 | K8: 1000 | L8: 9162 | M8: 0 | N8: 0 | O8: N
A9: 169849422 | B9: 8 | C9: [도서] | D9: 요즘 교사를 위한 에듀테크 5대장 : 캔바, 패들렛, 북크리에이터, 노션, 챗GPT∙제미나이 | E9: 안익재, 황의태 | F9: 앤써북 | G9: 2025 | H9: 10 | I9: 17820 | J9: 19800 | K9: 990 | L9: 37359 | M9: 92 | N9: 10 | O9: N
A10: 150566390 | B10: 9 | C10: [도서] | D10: AI 시대의 질문력, 프롬프트 엔지니어링 | E10: 류한석 | F10: 코리아닷컴(Korea.com) | G10: 2025 | H10: 10 | I10: 24300 | J10: 27000 | K10: 1350 | L10: 68448 | M10: 60 | N10: 9.5 | O10: Y
A11: 189114942 | B11: 10 | C11: [도서] | D11: 바로바로 제미나이 X 구글 AI | E11: 공냥이 | F11: 골든래빗 | G11: 2026 | H11: 10 | I11: 21600 | J11: 24000 | K11: 1200 | L11: 5832 | M11: 0 | N11: 0 | O11: Y
A12: 186846424 | B12: 11 | C12: [도서] | D12: 클로드 코드 마스터 | E12: 이남희, 백승현 | F12: 한빛미디어 | G12: 2026 | H12: 10 | I12: 32400 | J12: 36000 | K12: 1800 | L12: 17472 | M12: 22 | N12: 9.8 | O12: Y
A13: 183751609 | B13: 12 | C13: [도서] | D13: 한눈에 보는 AI 반도체 산업 | E13: MrTrigger | F13: 한빛미디어 | G13: 2026 | H13: 10 | I13: 23400 | J13: 26000 | K13: 1300 | L13: 10959 | M13: 146 | N13: 9.9 | O13: N
... A1001: 128710457 | B1001: 1000 | C1001: [도서] | D1001: 모형 전자공작 아두이노 프로그램편 | E1001: 박성윤, 박철종 | F1001: AK(에이케이 커뮤니케이션즈) | G1001: 2024 | H1001: 10 | I1001: 23400 | J1001: 26000 | K1001: 1300 | L1001: 456 | M1001: 7 | N1001: 9.7 | O1001: N

Sheet 한빛미디어
A1: goods_no | B1: rank | C1: goods_type | D1: goods_name | E1: author | F1: publisher | G1: publish_year | H1: discount_rate | I1: sale_price | J1: original_price | K1: point | L1: sale_index | M1: review_count | N1: rating | O1: spring_service
A2: 167573138 | B2: 1 | C2: [도서] | D2: 혼자 공부하는 바이브 코딩 with 클로드 코드 | E2: 조태호 | F2: 한빛미디어 | G2: 2025 | H2: 10 | I2: 27000 | J2: 30000 | K2: 1500 | L2: 71388 | M2: 163 | N2: 9.9 | O2: Y
A3: 189855418 | B3: 4 | C3: [도서] | D3: 조코딩의 바이브 코딩 1인 창업 with 클로드 코드, 수파베이스, 스트라이프 | E3: 조동근 | F3: 한빛미디어 | G3: 2026 | H3: 10 | I3: 27000 | J3: 30000 | K3: 1500 | L3: 14598 | M3: 0 | N3: 0 | O3: Y
A4: 189818905 | B4: 6 | C4: [도서] | D4: 하네스 엔지니어링 with 클로드 코드 | E4: 황민호 | F4: 한빛미디어 | G4: 2026 | H4: 10 | I4: 27000 | J4: 30000 | K4: 1500 | L4: 6846 | M4: 0 | N4: 0 | O4: N
A5: 186846424 | B5: 11 | C5: [도서] | D5: 클로드 코드 마스터 | E5: 이남희, 백승현 | F5: 한빛미디어 | G5: 2026 | H5: 10 | I5: 32400 | J5: 36000 | K5: 1800 | L5: 17472 | M5: 22 | N5: 9.8 | O5: Y
A6: 183751609 | B6: 12 | C6: [도서] | D6: 한눈에 보는 AI 반도체 산업 | E6: MrTrigger | F6: 한빛미디어 | G6: 2026 | H6: 10 | I6: 23400 | J6: 26000 | K6: 1300 | L6: 10959 | M6: 146 | N6: 9.9 | O6: N
A7: 183674597 | B7: 21 | C7: [도서] | D7: 클로드 코워크 with 스킬, 플러그인 | E7: 클리커, 강민혁 | F7: 한빛미디어 | G7: 2026 | H7: 10 | I7: 23400 | J7: 26000 | K7: 1300 | L7: 15819 | M7: 23 | N7: 9.1 | O7: N
A8: 187173505 | B8: 22 | C8: [도서] | D8: 바이브 코더를 위한 최소한의 AI/IT 지식 | E8: 클리커, 이희영 | F8: 한빛미디어 | G8: 2026 | H8: 10 | I8: 19800 | J8: 22000 | K8: 1100 | L8: 7707 | M8: 52 | N8: 10 | O8: Y
A9: 180510836 | B9: 27 | C9: [도서] | D9: 오픈클로 with GPT, 제미나이, 클로드 | E9: 강민혁 | F9: 한빛미디어 | G9: 2026 | H9: 10 | I9: 19800 | J9: 22000 | K9: 1100 | L9: 12564 | M9: 25 | N9: 9.5 | O9: N
A10: 187703288 | B10: 28 | C10: [도서] | D10: 만들면서 배우는 AI 에이전트 개발 입문+실전 | E10: 박나연(공원나연) | F10: 한빛미디어 | G10: 2026 | H10: 10 | I10: 33300 | J10: 37000 | K10: 1850 | L10: 4989 | M10: 42 | N10: 10 | O10: N
A11: 109625396 | B11: 30 | C11: [도서] | D11: 혼자 공부하는 파이썬 | E11: 윤인성 | F11: 한빛미디어 | G11: 2022 | H11: 10 | I11: 19800 | J11: 22000 | K11: 1100 | L11: 23343 | M11: 104 | N11: 9.4 | O11: Y
A12: 174018513 | B12: 34 | C12: [도서] | D12: AI 에이전트 엔지니어링 | E12: 마이클 알바다 저/강민혁 역 | F12: 한빛미디어 | G12: 2026 | H12: 10 | I12: 28800 | J12: 32000 | K12: 1600 | L12: 11946 | M12: 17 | N12: 9.5 | O12: N
A13: 189413191 | B13: 37 | C13: [도서] | D13: 요즘 교사를 위한 AI 바이브 코딩 활용 가이드 with 2022 개정 교육과정 | E13: 공지훈, 곽수창, 박준효 | F13: 한빛미디어 | G13: 2026 | H13: 10 | I13: 19800 | J13: 22000 | K13: 1100 | L13: 3558 | M13: 53 | N13: 10 | O13: N
... A151: 129064913 | B151: 992 | C151: [도서] | D151: 월 20달러로 고용하는 AI 변호사 with 챗GPT | E151: 김덕은 | F151: 한빛미디어 | G151: 2024 | H151: 10 | I151: 19800 | J151: 22000 | K151: 1100 | L151: 738 | M151: 30 | N151: 9.9 | O151: N

Sheet 길벗
A1: goods_no | B1: rank | C1: goods_type | D1: goods_name | E1: author | F1: publisher | G1: publish_year | H1: discount_rate | I1: sale_price | J1: original_price | K1: point | L1: sale_index | M1: review_count | N1: rating | O1: spring_service
A2: 190250717 | B2: 43 | C2: [도서] | D2: Node.js + NestJS 교과서 | E2: 조현영 | F2: 길벗 | G2: 2026 | H2: 10 | I2: 36000 | J2: 40000 | K2: 2000 | L2: 1128 | M2: 3 | N2: 10 | O2: N
A3: 189854100 | B3: 59 | C3: [도서] | D3: AI가 다 하고 내가 돈 버는 앱 만들기 | E3: 서희찬 | F3: 길벗 | G3: 2026 | H3: 10 | I3: 25200 | J3: 28000 | K3: 1400 | L3: 1098 | M3: 3 | N3: 8.7 | O3: N
A4: 175525819 | B4: 63 | C4: [도서] | D4: AI 자율학습 클로드 코드·코덱스 CLI·제미나이 CLI 완전 활용법 | E4: Dave Lee | F4: 길벗 | G4: 2026 | H4: 10 | I4: 28800 | J4: 32000 | K4: 1600 | L4: 7179 | M4: 25 | N4: 9.6 | O4: N
A5: 37335066 | B5: 64 | C5: [도서] | D5: 라프 코스터의 재미이론 10주년 개정판 | E5: 라프 코스터 저/유창석, 전유택 역 | F5: 길벗 | G5: 2017 | H5: 10 | I5: 19800 | J5: 22000 | K5: 1100 | L5: 4698 | M5: 17 | N5: 8.2 | O5: N
A6: 190216116 | B6: 71 | C6: [도서] | D6: 캔바로 만든 디자인, 돈이 됩니다 | E6: 리몬(안형선) | F6: 길벗 | G6: 2026 | H6: 10 | I6: 19800 | J6: 22000 | K6: 1100 | L6: 1392 | M6: 1 | N6: 10 | O6: N
A7: 182995232 | B7: 99 | C7: [도서] | D7: AI 자율학습 제미나이로 일 잘하는 법 | E7: 성구(강성규) | F7: 길벗 | G7: 2026 | H7: 10 | I7: 23400 | J7: 26000 | K7: 1300 | L7: 3996 | M7: 44 | N7: 9.8 | O7: N
A8: 166665802 | B8: 102 | C8: [도서] | D8: 그림으로 이해하는 도커와 쿠버네티스 | E8: 토쿠나가 코헤이 저/서수환 역 | F8: 길벗 | G8: 2025 | H8: 10 | I8: 19800 | J8: 22000 | K8: 1100 | L8: 3378 | M8: 17 | N8: 10 | O8: N
A9: 117373102 | B9: 117 | C9: [도서] | D9: 코딩 자율학습 나도코딩의 파이썬 입문 | E9: 나도코딩 | F9: 길벗 | G9: 2023 | H9: 10 | I9: 21600 | J9: 24000 | K9: 1200 | L9: 9549 | M9: 309 | N9: 9.8 | O9: Y
A10: 145612410 | B10: 138 | C10: [도서] | D10: 모두의 딥러닝 | E10: 조태호 | F10: 길벗 | G10: 2025 | H10: 10 | I10: 26100 | J10: 29000 | K10: 1450 | L10: 3594 | M10: 13 | N10: 10 | O10: N
A11: 129392318 | B11: 142 | C11: [도서] | D11: 디자인 구구단 | E11: 에이핫 | F11: 길벗 | G11: 2024 | H11: 10 | I11: 18000 | J11: 20000 | K11: 1000 | L11: 6450 | M11: 77 | N11: 9.6 | O11: Y
A12: 189353153 | B12: 147 | C12: [도서] | D12: 코딩 자율학습 FastAPI 파이썬 백엔드 개발 입문 | E12: 신동현 | F12: 길벗 | G12: 2026 | H12: 10 | I12: 25200 | J12: 28000 | K12: 1400 | L12: 678 | M12: 0 | N12: 0 | O12: N
A13: 186524948 | B13: 151 | C13: [도서] | D13: 그림으로 이해하는 AWS 구조와 기술 | E13: 오가사와라 시게타카 저/박광수 역 | F13: 길벗 | G13: 2026 | H13: 10 | I13: 23400 | J13: 26000 | K13: 1300 | L13: 1335 | M13: 44 | N13: 9.2 | O13: N
... A75: 128897247 | B75: 997 | C75: [도서] | D75: 파이썬 코딩의 기술 51 Better Python Code | E75: 데이비드 메르츠 저/김진호 역 | F75: 길벗 | G75: 2024 | H75: 10 | I75: 29700 | J75: 33000 | K75: 1650 | L75: 258 | M75: 11 | N75: 8.5 | O75: N

Sheet 제이펍
A1: goods_no | B1: rank | C1: goods_type | D1: goods_name | E1: author | F1: publisher | G1: publish_year | H1: discount_rate | I1: sale_price | J1: original_price | K1: point | L1: sale_index | M1: review_count | N1: rating | O1: spring_service
A2: 106711883 | B2: 17 | C2: [도서] | D2: 진짜 쓰는 실무 엑셀 | E2: 전진권 | F2: 제이펍 | G2: 2022 | H2: 10 | I2: 18900 | J2: 21000 | K2: 1050 | L2: 69147 | M2: 388 | N2: 9.8 | O2: Y
A3: 189128697 | B3: 35 | C3: [도서] | D3: 수업에 바로 쓰는 일잘러 선생님의 캔바 Canva 활용법 | E3: 황은지 | F3: 제이펍 | G3: 2026 | H3: 10 | I3: 19800 | J3: 22000 | K3: 1100 | L3: 5169 | M3: 29 | N3: 9.9 | O3: N
A4: 187043716 | B4: 149 | C4: [도서] | D4: 몰입을 설계하는 게임 기획 | E4: 쉬웨이훙 저/권유라 역 | F4: 제이펍 | G4: 2026 | H4: 10 | I4: 25200 | J4: 28000 | K4: 1400 | L4: 1158 | M4: 0 | N4: 0 | O4: N
A5: 186544340 | B5: 150 | C5: [도서] | D5: 소프트웨어 설계의 결합 균형 | E5: 블라드 코노노프 저/장연호 역 | F5: 제이펍 | G5: 2026 | H5: 10 | I5: 27000 | J5: 30000 | K5: 1500 | L5: 1395 | M5: 0 | N5: 0 | O5: N
A6: 184312468 | B6: 152 | C6: [도서] | D6: LUVIT♥ 클로드와 함께하는 LLM 프로젝트 | E6: 이승우 | F6: 제이펍 | G6: 2026 | H6: 10 | I6: 34200 | J6: 38000 | K6: 1900 | L6: 1128 | M6: 2 | N6: 10 | O6: N
A7: 183072607 | B7: 153 | C7: [도서] | D7: 30가지 예제로 따라 하며 배우는 ComfyUI 클라우드 | E7: 여승호, 신무경 | F7: 제이펍 | G7: 2026 | H7: 10 | I7: 19800 | J7: 22000 | K7: 1100 | L7: 1476 | M7: 9 | N7: 10 | O7: N
A8: 170504549 | B8: 158 | C8: [도서] | D8: LLM을 위한 프롬프트 엔지니어링 | E8: 존 베리먼, 앨버트 지글러 저/김정인 역 | F8: 제이펍 | G8: 2026 | H8: 10 | I8: 25200 | J8: 28000 | K8: 1400 | L8: 2790 | M8: 7 | N8: 9.7 | O8: N
A9: 147074475 | B9: 161 | C9: [도서] | D9: 업무와 일상을 정리하는 새로운 방법 노션 | E9: 전시진 | F9: 제이펍 | G9: 2025 | H9: 10 | I9: 21600 | J9: 24000 | K9: 1200 | L9: 7662 | M9: 20 | N9: 9.7 | O9: N
A10: 180490506 | B10: 225 | C10: [도서] | D10: 누구나 쉽게 시작하는 방구석 1인 앱 창업 | E10: 김건희 | F10: 제이펍 | G10: 2026 | H10: 10 | I10: 25200 | J10: 28000 | K10: 1400 | L10: 1920 | M10: 5 | N10: 10 | O10: N
A11: 189821967 | B11: 233 | C11: [도서] | D11: AI를 이기는 개발자 커리어 관리 가이드 | E11: 강승현 | F11: 제이펍 | G11: 2026 | H11: 10 | I11: 21600 | J11: 24000 | K11: 1200 | L11: 264 | M11: 0 | N11: 0 | O11: N
A12: 189445983 | B12: 235 | C12: [도서] | D12: AI가 일하는 법 | E12: 로널드 크노이젤 저/한선용 역 | F12: 제이펍 | G12: 2026 | H12: 10 | I12: 20520 | J12: 22800 | K12: 1140 | L12: 348 | M12: 2 | N12: 10 | O12: N
A13: 177866994 | B13: 252 | C13: [도서] | D13: 에지 컴퓨팅과 피지컬 AI를 위한 라즈베리파이 5 | E13: 허경용 | F13: 제이펍 | G13: 2026 | H13: 10 | I13: 27000 | J13: 30000 | K13: 1500 | L13: 684 | M13: 0 | N13: 0 | O13: N
... A52: 128928864 | B52: 995 | C52: [도서] | D52: 파이썬 시계열 예측 분석 | E52: 마르쿠 페이셰이루 저/동동구 역 | F52: 제이펍 | G52: 2024 | H52: 10 | I52: 34200 | J52: 38000 | K52: 1900 | L52: 870 | M52: 16 | N52: 9.9 | O52: N

Sheet 이지스퍼블리싱
A1: goods_no | B1: rank | C1: goods_type | D1: goods_name | E1: author | F1: publisher | G1: publish_year | H1: discount_rate | I1: sale_price | J1: original_price | K1: point | L1: sale_index | M1: review_count | N1: rating | O1: spring_service
A2: 188182444 | B2: 14 | C2: [도서] | D2: 된다! 캡컷 영상 편집 | E2: 지민이 | F2: 이지스퍼블리싱 | G2: 2026 | H2: 10 | I2: 19800 | J2: 22000 | K2: 1100 | L2: 10758 | M2: 16 | N2: 10 | O2: N
A3: 119293186 | B3: 19 | C3: [도서] | D3: Do it! 점프 투 파이썬 | E3: 박응용 | F3: 이지스퍼블리싱 | G3: 2023 | H3: 10 | I3: 19800 | J3: 22000 | K3: 1100 | L3: 43893 | M3: 147 | N3: 9.7 | O3: Y
A4: 189520507 | B4: 40 | C4: [도서] | D4: 된다! 스레드 활용법 | E4: 거북이걸음 | F4: 이지스퍼블리싱 | G4: 2026 | H4: 10 | I4: 19800 | J4: 22000 | K4: 1100 | L4: 3921 | M4: 9 | N4: 10 | O4: N
A5: 143907967 | B5: 46 | C5: [도서] | D5: 된다! 조회수 터지는 유튜브 쇼츠 만들기 | E5: 최지영 | F5: 이지스퍼블리싱 | G5: 2025 | H5: 10 | I5: 19800 | J5: 22000 | K5: 1100 | L5: 27948 | M5: 61 | N5: 9.9 | O5: Y
A6: 163301895 | B6: 55 | C6: [도서] | D6: 된다! 하루 만에 끝내는 제미나이 활용법 | E6: 권서림 | F6: 이지스퍼블리싱 | G6: 2025 | H6: 10 | I6: 18000 | J6: 20000 | K6: 1000 | L6: 73566 | M6: 78 | N6: 9.8 | O6: Y
A7: 146955725 | B7: 56 | C7: [도서] | D7: 된다! 하루 만에 끝내는 챗GPT 활용법 | E7: 프롬프트 크리에이터 | F7: 이지스퍼블리싱 | G7: 2025 | H7: 10 | I7: 18000 | J7: 20000 | K7: 1000 | L7: 35010 | M7: 99 | N7: 9.5 | O7: Y
A8: 189188156 | B8: 75 | C8: [도서] | D8: Do it! 바이브 코딩 + 안티그래비티 | E8: 조준수 | F8: 이지스퍼블리싱 | G8: 2026 | H8: 10 | I8: 21600 | J8: 24000 | K8: 1200 | L8: 1581 | M8: 6 | N8: 10 | O8: N
A9: 180508055 | B9: 79 | C9: [도서] | D9: 된다! 조회수 터지는 인스타그램 릴스 만들기 | E9: 최지영 | F9: 이지스퍼블리싱 | G9: 2026 | H9: 10 | I9: 18900 | J9: 21000 | K9: 1050 | L9: 3606 | M9: 72 | N9: 9.9 | O9: N
A10: 189790267 | B10: 84 | C10: [도서] | D10: Do it! 유니티 6로 게임 제작 & 출시하기 | E10: 고정운 | F10: 이지스퍼블리싱 | G10: 2026 | H10: 10 | I10: 32400 | J10: 36000 | K10: 1800 | L10: 1044 | M10: 0 | N10: 0 | O10: N
A11: 146036009 | B11: 90 | C11: [도서] | D11: Do it! LLM을 활용한 AI 에이전트 개발 입문 | E11: 이성용 | F11: 이지스퍼블리싱 | G11: 2025 | H11: 10 | I11: 31500 | J11: 35000 | K11: 1750 | L11: 18075 | M11: 22 | N11: 9.7 | O11: Y
A12: 188012932 | B12: 112 | C12: [도서] | D12: 된다! 하루 만에 준비하는 캔바 AI 수업 활용법 with 2022 개정 교육과정 | E12: 정인걸, 김경수 | F12: 이지스퍼블리싱 | G12: 2026 | H12: 10 | I12: 21600 | J12: 24000 | K12: 1200 | L12: 2166 | M12: 8 | N12: 10 | O12: N
A13: 181117854 | B13: 123 | C13: [도서] | D13: 된다! AI 상위 노출 | E13: 이중대 | F13: 이지스퍼블리싱 | G13: 2026 | H13: 10 | I13: 17100 | J13: 19000 | K13: 950 | L13: 4713 | M13: 28 | N13: 10 | O13: N
... A51: 136374348 | B51: 948 | C51: [도서] | D51: 된다! 7일 실무 워드 | E51: 이충욱 | F51: 이지스퍼블리싱 | G51: 2024 | H51: 10 | I51: 16200 | J51: 18000 | K51: 900 | L51: 1134 | M51: 9 | N51: 10 | O51: N

Sheet 골든래빗
A1: goods_no | B1: rank | C1: goods_type | D1: goods_name | E1: author | F1: publisher | G1: publish_year | H1: discount_rate | I1: sale_price | J1: original_price | K1: point | L1: sale_index | M1: review_count | N1: rating | O1: spring_service
A2: 176901674 | B2: 2 | C2: [도서] | D2: 이게 되네? 제미나이 완전 미친 활용법 81제 | E2: 오힘찬 | F2: 골든래빗 | G2: 2026 | H2: 10 | I2: 21600 | J2: 24000 | K2: 1200 | L2: 78003 | M2: 159 | N2: 9.8 | O2: Y
A3: 189114943 | B3: 5 | C3: [도서] | D3: 바로바로 클로드 with 코워크, 스킬, 클로드 코드, 디자인 | E3: 차진우 | F3: 골든래빗 | G3: 2026 | H3: 10 | I3: 25200 | J3: 28000 | K3: 1400 | L3: 18120 | M3: 1 | N3: 10 | O3: N
A4: 189114942 | B4: 10 | C4: [도서] | D4: 바로바로 제미나이 X 구글 AI | E4: 공냥이 | F4: 골든래빗 | G4: 2026 | H4: 10 | I4: 21600 | J4: 24000 | K4: 1200 | L4: 5832 | M4: 0 | N4: 0 | O4: Y
A5: 185166276 | B5: 16 | C5: [도서] | D5: 이게 되네? 오픈클로 미친 활용법 50제 | E5: 한준구 | F5: 골든래빗 | G5: 2026 | H5: 10 | I5: 21600 | J5: 24000 | K5: 1200 | L5: 14079 | M5: 9 | N5: 9.8 | O5: Y
A6: 140835200 | B6: 41 | C6: [도서] | D6: 이게 되네? 챗GPT 미친 활용법 71제 | E6: 오힘찬 | F6: 골든래빗 | G6: 2025 | H6: 10 | I6: 21600 | J6: 24000 | K6: 1200 | L6: 30015 | M6: 259 | N6: 9.6 | O6: Y
A7: 187491806 | B7: 47 | C7: [도서] | D7: 이게 되네? 캔바 AI 미친 활용법 47제 | E7: 이지쌤(이지훈) | F7: 골든래빗 | G7: 2026 | H7: 10 | I7: 21600 | J7: 24000 | K7: 1200 | L7: 4821 | M7: 15 | N7: 10 | O7: N
A8: 187024885 | B8: 50 | C8: [도서] | D8: 요즘 바이브 코딩 커서 X 클로드 코드 실전 외주 돈 벌기 | E8: 불혹코딩 | F8: 골든래빗 | G8: 2026 | H8: 10 | I8: 23400 | J8: 26000 | K8: 1300 | L8: 4764 | M8: 14 | N8: 9.9 | O8: Y
A9: 169665962 | B9: 51 | C9: [도서] | D9: 이게 되네? AI 쇼츠 만들기 미친 자동화 22제 | E9: 천은영 | F9: 골든래빗 | G9: 2026 | H9: 10 | I9: 23400 | J9: 26000 | K9: 1300 | L9: 7860 | M9: 10 | N9: 10 | O9: N
A10: 188600611 | B10: 52 | C10: [도서] | D10: 이게 되네? 나노바나나 2 AI 비포&애프터 미친 활용법 82제 | E10: 쌩초 | F10: 골든래빗 | G10: 2026 | H10: 10 | I10: 21600 | J10: 24000 | K10: 1200 | L10: 3060 | M10: 96 | N10: 10 | O10: N
A11: 175110068 | B11: 54 | C11: [도서] | D11: 요즘 바이브 코딩 코덱스 완벽 가이드 | E11: 윤재원 | F11: 골든래빗 | G11: 2026 | H11: 10 | I11: 25200 | J11: 28000 | K11: 1400 | L11: 5091 | M11: 35 | N11: 9.9 | O11: N
A12: 185824258 | B12: 57 | C12: [도서] | D12: 돈이 되네? 수익과 성장이 동시에 터지는 네이버 블로그 | E12: 정소희 | F12: 골든래빗 | G12: 2026 | H12: 10 | I12: 23220 | J12: 25800 | K12: 1290 | L12: 3090 | M12: 14 | N12: 9.9 | O12: N
A13: 190806231 | B13: 58 | C13: [도서] | D13: 요즘 바이브 코딩 하네스 with 클로드 코드 | E13: 조성진 | F13: 골든래빗 | G13: 2026 | H13: 10 | I13: 27000 | J13: 30000 | K13: 1500 | L13: 840 | M13: 0 | N13: 0 | O13: N
... A44: 130346848 | B44: 980 | C44: [도서] | D44: 챗GPT와 함께 배우는 엔트리 마스터하기 | E44: 김종훈, 김현경, 김동건 | F44: 골든래빗 | G44: 2024 | H44: 10 | I44: 21600 | J44: 24000 | K44: 1200 | L44: 774 | M44: 2 | N44: 10 | O44: N

Sheet 위키북스
A1: goods_no | B1: rank | C1: goods_type | D1: goods_name | E1: author | F1: publisher | G1: publish_year | H1: discount_rate | I1: sale_price | J1: original_price | K1: point | L1: sale_index | M1: review_count | N1: rating | O1: spring_service
A2: 180513899 | B2: 36 | C2: [도서] | D2: 클로드 코드를 활용한 바이브 코딩 완벽 입문 | E2: 히라카와 토모히데 저/최용 역 | F2: 위키북스 | G2: 2026 | H2: 10 | I2: 23400 | J2: 26000 | K2: 1300 | L2: 16494 | M2: 8 | N2: 9.5 | O2: Y
A3: 186921504 | B3: 44 | C3: [도서] | D3: AI 에이전트 개발 완벽 입문 | E3: 에디 유, 김대규, 조경아, 김현지 | F3: 위키북스 | G3: 2026 | H3: 10 | I3: 37800 | J3: 42000 | K3: 2100 | L3: 6903 | M3: 21 | N3: 9.9 | O3: Y
A4: 92742567 | B4: 219 | C4: [도서] | D4: 모던 자바스크립트 Deep Dive | E4: 이웅모 | F4: 위키북스 | G4: 2020 | H4: 10 | I4: 40500 | J4: 45000 | K4: 2250 | L4: 3204 | M4: 89 | N4: 9.6 | O4: Y
A5: 162224477 | B5: 228 | C5: [도서] | D5: MCP 실전 활용 & 서버 개발 핵심 가이드 | E5: AI튜터랩 | F5: 위키북스 | G5: 2025 | H5: 10 | I5: 25200 | J5: 28000 | K5: 1400 | L5: 2943 | M5: 1 | N5: 10 | O5: N
A6: 180513905 | B6: 246 | C6: [도서] | D6: 코어 프런트엔드 UI | E6: 정재남 | F6: 위키북스 | G6: 2026 | H6: 10 | I6: 34200 | J6: 38000 | K6: 1900 | L6: 594 | M6: 0 | N6: 0 | O6: N
A7: 105104944 | B7: 321 | C7: [도서] | D7: 모든 기획자와 디자이너가 알아야 할 사람에 대한 100가지 사실 | E7: 수잔 웨인쉔크 저/이재명, 이예나, 전이주 역 | F7: 위키북스 | G7: 2021 | H7: 10 | I7: 22500 | J7: 25000 | K7: 1250 | L7: 936 | M7: 9 | N7: 9.3 | O7: N
A8: 59566585 | B8: 334 | C8: [도서] | D8: 데이터 중심 애플리케이션 설계 | E8: 마틴 클레프만 저/정재부, 김영준, 이도경 역 | F8: 위키북스 | G8: 2018 | H8: 10 | I8: 32400 | J8: 36000 | K8: 1800 | L8: 3834 | M8: 21 | N8: 8.8 | O8: Y
A9: 18249021 | B9: 344 | C9: [도서] | D9: 객체지향의 사실과 오해 | E9: 조영호 | F9: 위키북스 | G9: 2015 | H9: 10 | I9: 18000 | J9: 20000 | K9: 1000 | L9: 2394 | M9: 90 | N9: 9.4 | O9: Y
A10: 180513902 | B10: 379 | C10: [도서] | D10: 나야, 구글 에듀테크. 질문이 답이 되는 제미나이 수업 솔루션 | E10: 장승아, 조원정 | F10: 위키북스 | G10: 2026 | H10: 10 | I10: 21600 | J10: 24000 | K10: 1200 | L10: 882 | M10: 0 | N10: 0 | O10: N
A11: 179587739 | B11: 383 | C11: [도서] | D11: 지속 가능한 프런트엔드 엔지니어링 | E11: 이문기 | F11: 위키북스 | G11: 2026 | H11: 10 | I11: 25200 | J11: 28000 | K11: 1400 | L11: 702 | M11: 0 | N11: 0 | O11: N
A12: 176913080 | B12: 384 | C12: [도서] | D12: 한 권으로 끝내는 실전 LLM 파인튜닝 | E12: 강다솔 | F12: 위키북스 | G12: 2026 | H12: 10 | I12: 28800 | J12: 32000 | K12: 1600 | L12: 1020 | M12: 0 | N12: 0 | O12: N
A13: 168727208 | B13: 399 | C13: [도서] | D13: 올라마와 오픈소스 LLM을 활용한 AI 에이전트 개발 입문 | E13: 서영배, 김병규, 임재봉 | F13: 위키북스 | G13: 2026 | H13: 10 | I13: 25200 | J13: 28000 | K13: 1400 | L13: 2175 | M13: 2 | N13: 3 | O13: N
... A37: 130271536 | B37: 984 | C37: [도서] | D37: 리액트 인터뷰 가이드 | E37: 수디르 조나, 앤드류 바이스덴 저/김용찬, 강주희 역 | F37: 위키북스 | G37: 2024 | H37: 10 | I37: 25200 | J37: 28000 | K37: 1400 | L37: 168 | M37: 5 | N37: 9.6 | O37: N

Sheet 영진닷컴
A1: goods_no | B1: rank | C1: goods_type | D1: goods_name | E1: author | F1: publisher | G1: publish_year | H1: discount_rate | I1: sale_price | J1: original_price | K1: point | L1: sale_index | M1: review_count | N1: rating | O1: spring_service
A2: 186939301 | B2: 182 | C2: [도서] | D2: 바이브 코딩 with 구글 안티그래비티 | E2: 노성환 | F2: 영진닷컴 | G2: 2026 | H2: 10 | I2: 16200 | J2: 18000 | K2: 900 | L2: 990 | M2: 19 | N2: 9.8 | O2: N
A3: 122535588 | B3: 211 | C3: [도서] | D3: 클립 스튜디오 입문 교실 | E3: 사이도런치 저/고영자 역 | F3: 영진닷컴 | G3: 2023 | H3: 10 | I3: 20700 | J3: 23000 | K3: 1150 | L3: 1974 | M3: 16 | N3: 9.7 | O3: N
A4: 177288116 | B4: 226 | C4: [도서] | D4: 엑셀로 시작하는 데이터 분석과 업무 자동화 | E4: 김철 | F4: 영진닷컴 | G4: 2026 | H4: 10 | I4: 28800 | J4: 32000 | K4: 1600 | L4: 1359 | M4: 18 | N4: 10 | O4: N
A5: 167459219 | B5: 263 | C5: [도서] | D5: 파이썬만으로 시작하는 1인 게임 개발 | E5: 히로세 츠요시 저/박동원 역 | F5: 영진닷컴 | G5: 2025 | H5: 10 | I5: 19800 | J5: 22000 | K5: 1100 | L5: 1509 | M5: 6 | N5: 9.3 | O5: N
A6: 159171284 | B6: 272 | C6: [도서] | D6: 가장 상세한 엑셀 함수 대백과 | E6: 쿠니모토 아츠코 저/류승우 역 | F6: 영진닷컴 | G6: 2025 | H6: 10 | I6: 25200 | J6: 28000 | K6: 1400 | L6: 1914 | M6: 22 | N6: 10 | O6: N
A7: 152443479 | B7: 279 | C7: [도서] | D7: 데이터 시각화와 탐색 with POWER BI 3rd | E7: 마경근, 서주란 | F7: 영진닷컴 | G7: 2025 | H7: 10 | I7: 27000 | J7: 30000 | K7: 1500 | L7: 2871 | M7: 13 | N7: 10 | O7: N
A8: 125483821 | B8: 305 | C8: [도서] | D8: 마인크래프트 건축 아이디어 북 | E8: Mojang Studio 저/이주안 역 | F8: 영진닷컴 | G8: 2024 | H8: 10 | I8: 22500 | J8: 25000 | K8: 1250 | L8: 1656 | M8: 19 | N8: 10 | O8: N
A9: 91071614 | B9: 327 | C9: [도서] | D9: 한컴오피스 2020 한글+한셀+한쇼+한워드 | E9: ㈜한글과컴퓨터, 허미현, 부성순 | F9: 영진닷컴 | G9: 2020 | H9: 10 | I9: 17100 | J9: 19000 | K9: 950 | L9: 2952 | M9: 13 | N9: 10 | O9: Y
A10: 190272030 | B10: 337 | C10: [도서] | D10: 처음 시작하는 바이브 코딩 | E10: 사카이 마리코, KEITO 저/고범석, 이한나 역 | F10: 영진닷컴 | G10: 2026 | H10: 10 | I10: 18000 | J10: 20000 | K10: 1000 | L10: 240 | M10: 0 | N10: 0 | O10: N
A11: 184272211 | B11: 368 | C11: [도서] | D11: 랭체인으로 구현하는 AI 서비스 & 에이전트 개발 입문 | E11: ML_Bear 저/손민규 역/장하렴 감수 | F11: 영진닷컴 | G11: 2026 | H11: 10 | I11: 25200 | J11: 28000 | K11: 1400 | L11: 540 | M11: 18 | N11: 10 | O11: N
A12: 174753625 | B12: 390 | C12: [도서] | D12: 마인크래프트 블록 완벽 가이드 | E12: Mojang Studio 저/강세중 역 | F12: 영진닷컴 | G12: 2026 | H12: 10 | I12: 22500 | J12: 25000 | K12: 1250 | L12: 1224 | M12: 5 | N12: 10 | O12: N
A13: 155152306 | B13: 413 | C13: [도서] | D13: 리액트, Next.js로 완성하는 프론트엔드 | E13: 강경석 | F13: 영진닷컴 | G13: 2025 | H13: 10 | I13: 32400 | J13: 36000 | K13: 1800 | L13: 1932 | M13: 11 | N13: 10 | O13: N
... A37: 129587785 | B37: 990 | C37: [도서] | D37: 테라폼 쿡북 | E37: 미카엘 크리프 저/강진우 역 | F37: 영진닷컴 | G37: 2024 | H37: 10 | I37: 39600 | J37: 44000 | K37: 2200 | L37: 216 | M37: 20 | N37: 9.7 | O37: N

Sheet 기타 출판사
A1: goods_no | B1: rank | C1: goods_type | D1: goods_name | E1: author | F1: publisher | G1: publish_year | H1: discount_rate | I1: sale_price | J1: original_price | K1: point | L1: sale_index | M1: review_count | N1: rating | O1: spring_service
A2: 189211422 | B2: 3 | C2: [도서] | D2: 클로드 코드로 시작하는 실전 에이전틱 코딩 | E2: Goos Kim | F2: 더 타이즈 | G2: 2026 | H2: 10 | I2: 29700 | J2: 33000 | K2: 1650 | L2: 22863 | M2: 11 | N2: 10 | O2: Y
A3: 189212536 | B3: 7 | C3: [도서] | D3: 지적 대화를 위한 AI 언어 수업 | E3: 강수진 | F3: 어웨이크(AWAKE) | G3: 2026 | H3: 10 | I3: 18000 | J3: 20000 | K3: 1000 | L3: 9162 | M3: 0 | N3: 0 | O3: N
A4: 169849422 | B4: 8 | C4: [도서] | D4: 요즘 교사를 위한 에듀테크 5대장 : 캔바, 패들렛, 북크리에이터, 노션, 챗GPT∙제미나이 | E4: 안익재, 황의태 | F4: 앤써북 | G4: 2025 | H4: 10 | I4: 17820 | J4: 19800 | K4: 990 | L4: 37359 | M4: 92 | N4: 10 | O4: N
A5: 150566390 | B5: 9 | C5: [도서] | D5: AI 시대의 질문력, 프롬프트 엔지니어링 | E5: 류한석 | F5: 코리아닷컴(Korea.com) | G5: 2025 | H5: 10 | I5: 24300 | J5: 27000 | K5: 1350 | L5: 68448 | M5: 60 | N5: 9.5 | O5: Y
A6: 185897982 | B6: 13 | C6: [도서] | D6: 바쁜 교사를 위한 바로 쓰는 AI | E6: 전소영, 이태화, 조두연 | F6: 사회평론아카데미 | G6: 2026 | H6: 10 | I6: 21600 | J6: 24000 | K6: 1200 | L6: 18243 | M6: 17 | N6: 10 | O6: Y
A7: 187927629 | B7: 15 | C7: [도서] | D7: AI 실전 마스터 칼릭스의 프롬프트 디테일 | E7: 칼릭스(손윤석) | F7: 한빛비즈 | G7: 2026 | H7: 10 | I7: 19800 | J7: 22000 | K7: 1100 | L7: 10116 | M7: 12 | N7: 9.7 | O7: N
A8: 189674360 | B8: 18 | C8: [도서] | D8: 다시, 소프트웨어 엔지니어 | E8: 네서니얼 슈타, 댄 베가 저/박성철 역 | F8: 책만 | G8: 2026 | H8: 10 | I8: 27000 | J8: 30000 | K8: 1500 | L8: 2616 | M8: 0 | N8: 0 | O8: N
A9: 183545796 | B9: 20 | C9: [도서] | D9: 제미나이 교사 마스터 플랜 (2026년 최신판) | E9: 한민철 | F9: 책바세 | G9: 2026 | H9: 10 | I9: 27000 | J9: 30000 | K9: 1500 | L9: 9513 | M9: 26 | N9: 10 | O9: N
A10: 189531001 | B10: 23 | C10: [도서] | D10: 일 잘하는 직장인의 AI 활용법 | E10: 김덕중, 김민정, 김인선 | F10: 디지털북스 | G10: 2026 | H10: 10 | I10: 19800 | J10: 22000 | K10: 1100 | L10: 3060 | M10: 0 | N10: 0 | O10: N
A11: 190365713 | B11: 24 | C11: [도서] | D11: 청소년을 위한 바로 써먹는 필수 AI 활용법 | E11: 김환 | F11: 알파에듀 | G11: 2026 | H11: 10 | I11: 15120 | J11: 16800 | K11: 840 | L11: 1500 | M11: 16 | N11: 10 | O11: N
A12: 184533580 | B12: 25 | C12: [도서] | D12: 학교에서 바로 쓰는 제미나이 & 노트북LM | E12: 손성호, 김민, 김상백, 송유미, 박권 저 외 1명 정보 더 보기/감추기 손성호 김민 김상백 송유미 박권 최동욱 | F12: 학교도서관저널 | G12: 2026 | H12: 10 | I12: 17100 | J12: 19000 | K12: 950 | L12: 11025 | M12: 13 | N12: 10 | O12: N
A13: 189037004 | B13: 26 | C13: [도서] | D13: 클로드 디자인 시작하기 | E13: 조남경 | F13: 비엘북스 | G13: 2026 | H13: 10 | I13: 22500 | J13: 25000 | K13: 1250 | L13: 4059 | M13: 0 | N13: 0 | O13: N
... A561: 128710457 | B561: 1000 | C561: [도서] | D561: 모형 전자공작 아두이노 프로그램편 | E561: 박성윤, 박철종 | F561: AK(에이케이 커뮤니케이션즈) | G561: 2024 | H561: 10 | I561: 23400 | J561: 26000 | K561: 1300 | L561: 456 | M561: 7 | N561: 9.7 | O561: N
